Heuristic, Task, Proc, Status, ID, Time, Fitness, Loop/Gen, Count, Best, Worst, Mean, Std, Sol/Chro
HC, 0, 0, S, 0, 0.006001, -29322.4, 0, 1, -29322.4, -29322.4, -29322.4, 0, 0 7 3 4 8 5 1 1 9 1 0 0 2 6 1 0 
HC, 0, 0, F, 0, 0.00900102, -29322.4, 0, 1, -29322.4, -29322.4, -29322.4, 0, 0 7 3 4 8 5 1 1 9 1 0 0 2 6 1 0 
